요구사항명,검수 기준,구분,단계,담당자,비고,상세 설명,상태,요구사항 ID,우선순위,Related to WBS 개발 진행 데이터베이스 (↔ 요구사항),↔ 시나리오,기능계층
키오스크 메뉴 목록 조회,"카테고리 선택 시 해당 카테고리의 메뉴명, 가격, 이미지, 품절 상태가 목록에 표시된다.",기능,FWD,,"API-001, API-002와 연결한다.",사용자는 키오스크에서 카테고리별 메뉴 목록을 조회할 수 있어야 한다.,예정,FWD-MENU-001,상,,신규 고객의 기본 주문 흐름 (ASAK%20%ED%82%A4%EC%98%A4%EC%8A%A4%ED%81%AC%20%ED%94%84%EB%A1%9C%EC%A0%9D%ED%8A%B8/%ED%82%A4%EC%98%A4%EC%8A%A4%ED%81%AC%20%ED%92%80%EC%8A%A4%ED%83%9D%20%ED%94%84%EB%A1%9C%EC%A0%9D%ED%8A%B8/03%20%EC%82%AC%EC%9A%A9%EC%9E%90%20%EC%8B%9C%EB%82%98%EB%A6%AC%EC%98%A4/%EC%82%AC%EC%9A%A9%EC%9E%90%20%EC%8B%9C%EB%82%98%EB%A6%AC%EC%98%A4%20%EB%8D%B0%EC%9D%B4%ED%84%B0%EB%B2%A0%EC%9D%B4%EC%8A%A4/%EC%8B%A0%EA%B7%9C%20%EA%B3%A0%EA%B0%9D%EC%9D%98%20%EA%B8%B0%EB%B3%B8%20%EC%A3%BC%EB%AC%B8%20%ED%9D%90%EB%A6%84%2039151ef04f0b81a8a6bcd5370f9cb200.md),기본기능
관리자 주문 상태 변경,주문 상태 변경 후 DB와 관리자 주문 상세 화면에 변경 결과가 반영된다.,관리자,LMIS,,API-008과 연결. 주문 상태는 common_code 기준을 따른다.,"관리자는 주문 상태를 RECEIVED, PREPARING, COMPLETED 흐름에 맞게 변경할 수 있어야 한다.",예정,LMIS-ORDER-003,상,"백엔드: 관리자 주문 목록/상태변경 API (API-007/008) (ASAK%20%ED%82%A4%EC%98%A4%EC%8A%A4%ED%81%AC%20%ED%94%84%EB%A1%9C%EC%A0%9D%ED%8A%B8/%ED%82%A4%EC%98%A4%EC%8A%A4%ED%81%AC%20%ED%92%80%EC%8A%A4%ED%83%9D%20%ED%94%84%EB%A1%9C%EC%A0%9D%ED%8A%B8/07%20WBS%20%EA%B0%9C%EB%B0%9C%20%EC%A7%84%ED%96%89%20%ED%98%84%ED%99%A9/WBS%20%EA%B0%9C%EB%B0%9C%20%EC%A7%84%ED%96%89%20%EB%8D%B0%EC%9D%B4%ED%84%B0%EB%B2%A0%EC%9D%B4%EC%8A%A4/%EB%B0%B1%EC%97%94%EB%93%9C%20%EA%B4%80%EB%A6%AC%EC%9E%90%20%EC%A3%BC%EB%AC%B8%20%EB%AA%A9%EB%A1%9D%20%EC%83%81%ED%83%9C%EB%B3%80%EA%B2%BD%20API%20(API-007%20008)%2039451ef04f0b81ceae70cb1a89037fa9.md), 프론트: 관리자 주문 관리/상세 화면 구현 (ASAK%20%ED%82%A4%EC%98%A4%EC%8A%A4%ED%81%AC%20%ED%94%84%EB%A1%9C%EC%A0%9D%ED%8A%B8/%ED%82%A4%EC%98%A4%EC%8A%A4%ED%81%AC%20%ED%92%80%EC%8A%A4%ED%83%9D%20%ED%94%84%EB%A1%9C%EC%A0%9D%ED%8A%B8/07%20WBS%20%EA%B0%9C%EB%B0%9C%20%EC%A7%84%ED%96%89%20%ED%98%84%ED%99%A9/WBS%20%EA%B0%9C%EB%B0%9C%20%EC%A7%84%ED%96%89%20%EB%8D%B0%EC%9D%B4%ED%84%B0%EB%B2%A0%EC%9D%B4%EC%8A%A4/%ED%94%84%EB%A1%A0%ED%8A%B8%20%EA%B4%80%EB%A6%AC%EC%9E%90%20%EC%A3%BC%EB%AC%B8%20%EA%B4%80%EB%A6%AC%20%EC%83%81%EC%84%B8%20%ED%99%94%EB%A9%B4%20%EA%B5%AC%ED%98%84%2039451ef04f0b81beb9f2ccfa15215395.md)",,기본기능
관리자 로그인,"올바른 계정으로 로그인 시 관리자 화면에 접근 가능하고, 잘못된 계정은 접근이 제한된다.",관리자,LMIS,,"Week 5 MVP 인증 생략. 추적: SCR-015, SC-008",관리자는 계정 정보를 이용해 관리자 시스템에 로그인할 수 있어야 한다.,제외,LMIS-AUTH-001,중,,관리자의 주문 상태 관리 (ASAK%20%ED%82%A4%EC%98%A4%EC%8A%A4%ED%81%AC%20%ED%94%84%EB%A1%9C%EC%A0%9D%ED%8A%B8/%ED%82%A4%EC%98%A4%EC%8A%A4%ED%81%AC%20%ED%92%80%EC%8A%A4%ED%83%9D%20%ED%94%84%EB%A1%9C%EC%A0%9D%ED%8A%B8/03%20%EC%82%AC%EC%9A%A9%EC%9E%90%20%EC%8B%9C%EB%82%98%EB%A6%AC%EC%98%A4/%EC%82%AC%EC%9A%A9%EC%9E%90%20%EC%8B%9C%EB%82%98%EB%A6%AC%EC%98%A4%20%EB%8D%B0%EC%9D%B4%ED%84%B0%EB%B2%A0%EC%9D%B4%EC%8A%A4/%EA%B4%80%EB%A6%AC%EC%9E%90%EC%9D%98%20%EC%A3%BC%EB%AC%B8%20%EC%83%81%ED%83%9C%20%EA%B4%80%EB%A6%AC%2039151ef04f0b81a4b874ea63b2e87f81.md),추가기능
데이터는 Spring Boot를 통해서만 접근,DB 접속 설정은 Spring Boot 프로젝트에만 존재한다.,비기능,KSD,,백엔드 API 경유 원칙은 MVP 아키텍처 기준,React와 모의 장치/RTOS Simulator는 DB에 직접 접근하지 않고 Spring Boot API를 통해서만 데이터를 처리해야 한다.,예정,KSD-ARCH-001,상,,,기본기능
가상 결제 처리,결제 요청 성공 시 payment 데이터가 저장되고 주문 완료 화면으로 이동할 수 있다.,API,DEV,,API-006과 연결한다.,실제 결제 연동 없이 주문 금액을 기준으로 가상 결제 성공 처리를 수행한다.,예정,DEV-PAY-001,상,,,기본기능
영수증 출력 요청,영수증 출력 요청 시 주문번호와 결제금액을 포함한 장치 이벤트가 생성된다.,장치,RTOS,,실제 프린터 연동은 확장 범위이며 MVP에서는 모의 이벤트로 처리한다.,사용자가 영수증 출력을 선택하면 주문 정보를 기반으로 영수증 출력 요청을 생성한다.,예정,RTOS-DEVICE-002,중,,,추가기능
테스트 시나리오 기반 검증,핵심 테스트 케이스 수행 결과가 기록되고 오류 발생 여부가 확인된다.,비기능,TEST,,09. 테스트/오류 관리 문서와 연결한다.,"작성된 테스트 시나리오를 기준으로 주요 주문, 결제, 관리자, 품절 흐름을 검증한다.",예정,TEST-SYS-001,상,,,기본기능
장치 이벤트 로그 조회,"장치 이벤트 발생 시 이벤트 유형, 주문번호, 상태, 발생 시간이 기록되고 조회된다.",장치,RTOS,,08. 장치/RTOS 연계 문서와 연결한다.,"관리자는 영수증 출력, QR/바코드 스캔 등 장치 이벤트 처리 내역을 조회할 수 있어야 한다.",예정,RTOS-DEVICE-003,중,,,추가기능
관리자 주문 상세 조회,주문 상세 화면에서 주문 메뉴별 선택 옵션과 제외 재료가 구분되어 표시된다.,관리자,LMIS,,API-007과 연결. Week 6(SCR-009~011) MVP에서는 목록 API 응답에 상세 데이터를 포함한다.,"관리자는 특정 주문의 메뉴, 수량, 선택 옵션, 제외 재료, 결제 상태, 주문 상태를 상세 확인할 수 있어야 한다.",예정,LMIS-ORDER-002,상,"백엔드: 관리자 주문 목록/상태변경 API (API-007/008) (ASAK%20%ED%82%A4%EC%98%A4%EC%8A%A4%ED%81%AC%20%ED%94%84%EB%A1%9C%EC%A0%9D%ED%8A%B8/%ED%82%A4%EC%98%A4%EC%8A%A4%ED%81%AC%20%ED%92%80%EC%8A%A4%ED%83%9D%20%ED%94%84%EB%A1%9C%EC%A0%9D%ED%8A%B8/07%20WBS%20%EA%B0%9C%EB%B0%9C%20%EC%A7%84%ED%96%89%20%ED%98%84%ED%99%A9/WBS%20%EA%B0%9C%EB%B0%9C%20%EC%A7%84%ED%96%89%20%EB%8D%B0%EC%9D%B4%ED%84%B0%EB%B2%A0%EC%9D%B4%EC%8A%A4/%EB%B0%B1%EC%97%94%EB%93%9C%20%EA%B4%80%EB%A6%AC%EC%9E%90%20%EC%A3%BC%EB%AC%B8%20%EB%AA%A9%EB%A1%9D%20%EC%83%81%ED%83%9C%EB%B3%80%EA%B2%BD%20API%20(API-007%20008)%2039451ef04f0b81ceae70cb1a89037fa9.md), 프론트: 관리자 주문 관리/상세 화면 구현 (ASAK%20%ED%82%A4%EC%98%A4%EC%8A%A4%ED%81%AC%20%ED%94%84%EB%A1%9C%EC%A0%9D%ED%8A%B8/%ED%82%A4%EC%98%A4%EC%8A%A4%ED%81%AC%20%ED%92%80%EC%8A%A4%ED%83%9D%20%ED%94%84%EB%A1%9C%EC%A0%9D%ED%8A%B8/07%20WBS%20%EA%B0%9C%EB%B0%9C%20%EC%A7%84%ED%96%89%20%ED%98%84%ED%99%A9/WBS%20%EA%B0%9C%EB%B0%9C%20%EC%A7%84%ED%96%89%20%EB%8D%B0%EC%9D%B4%ED%84%B0%EB%B2%A0%EC%9D%B4%EC%8A%A4/%ED%94%84%EB%A1%A0%ED%8A%B8%20%EA%B4%80%EB%A6%AC%EC%9E%90%20%EC%A3%BC%EB%AC%B8%20%EA%B4%80%EB%A6%AC%20%EC%83%81%EC%84%B8%20%ED%99%94%EB%A9%B4%20%EA%B5%AC%ED%98%84%2039451ef04f0b81beb9f2ccfa15215395.md)",관리자의 주문 상태 관리 (ASAK%20%ED%82%A4%EC%98%A4%EC%8A%A4%ED%81%AC%20%ED%94%84%EB%A1%9C%EC%A0%9D%ED%8A%B8/%ED%82%A4%EC%98%A4%EC%8A%A4%ED%81%AC%20%ED%92%80%EC%8A%A4%ED%83%9D%20%ED%94%84%EB%A1%9C%EC%A0%9D%ED%8A%B8/03%20%EC%82%AC%EC%9A%A9%EC%9E%90%20%EC%8B%9C%EB%82%98%EB%A6%AC%EC%98%A4/%EC%82%AC%EC%9A%A9%EC%9E%90%20%EC%8B%9C%EB%82%98%EB%A6%AC%EC%98%A4%20%EB%8D%B0%EC%9D%B4%ED%84%B0%EB%B2%A0%EC%9D%B4%EC%8A%A4/%EA%B4%80%EB%A6%AC%EC%9E%90%EC%9D%98%20%EC%A3%BC%EB%AC%B8%20%EC%83%81%ED%83%9C%20%EA%B4%80%EB%A6%AC%2039151ef04f0b81a4b874ea63b2e87f81.md),기본기능
주문 생성,"주문 생성 요청 후 orders, order_item, order_item_option, item_exclusion에 필요한 데이터가 저장된다.",API,DEV,,API-005와 연결한다.,"고객이 선택한 메뉴, 수량, 옵션, 제외 재료, 먹고가기/포장 정보를 주문 데이터로 등록할 수 있어야 한다.",예정,DEV-ORDER-001,상,,,기본기능
QR/바코드 스캔 처리,스캔 요청 시 장치 이벤트가 생성되고 인식 결과가 화면 또는 관리자 로그에 반영된다.,장치,RTOS,,"제외(중복). 추적: SC-016, SCR-021, 정본 RTOS-DEVICE-006","QR 또는 바코드 스캔을 통해 쿠폰, 멤버십, 주문 식별 정보를 처리한다.",제외,RTOS-DEVICE-004,하,,QR/바코드로 쿠폰 인식 후 결제 (ASAK%20%ED%82%A4%EC%98%A4%EC%8A%A4%ED%81%AC%20%ED%94%84%EB%A1%9C%EC%A0%9D%ED%8A%B8/%ED%82%A4%EC%98%A4%EC%8A%A4%ED%81%AC%20%ED%92%80%EC%8A%A4%ED%83%9D%20%ED%94%84%EB%A1%9C%EC%A0%9D%ED%8A%B8/03%20%EC%82%AC%EC%9A%A9%EC%9E%90%20%EC%8B%9C%EB%82%98%EB%A6%AC%EC%98%A4/%EC%82%AC%EC%9A%A9%EC%9E%90%20%EC%8B%9C%EB%82%98%EB%A6%AC%EC%98%A4%20%EB%8D%B0%EC%9D%B4%ED%84%B0%EB%B2%A0%EC%9D%B4%EC%8A%A4/QR%20%EB%B0%94%EC%BD%94%EB%93%9C%EB%A1%9C%20%EC%BF%A0%ED%8F%B0%20%EC%9D%B8%EC%8B%9D%20%ED%9B%84%20%EA%B2%B0%EC%A0%9C%2039151ef04f0b81f5892ce9384de4f834.md),추가기능
키오스크 터치 친화 UI,주요 버튼이 한눈에 보이고 마우스/터치로 쉽게 클릭 가능하다.,비기능,FWD,,터치 친화 UI는 MVP 사용성 기준,키오스크 화면은 터치 사용을 고려하여 버튼과 글자를 크게 배치해야 한다.,예정,FWD-UI-005,중,,,기본기능
서브웨이식 완전 자유 재료 조합,"자유 조합 메뉴의 가격, 영양정보, 알레르기 정보가 선택 재료 기준으로 계산된다. 단, Week 5 MVP에서는 제외한다.",기능,FWD,,Week 5 MVP에서는 기본 재료 제외와 정해진 옵션 선택까지만 구현한다. 자유 조합은 9주 후반(Week 7~8) 추가기능으로 분리한다.,"사용자가 정해진 메뉴 없이 베이스, 재료, 토핑을 자유롭게 조합해 주문할 수 있게 한다.",제외,FWD-MENU-011,하,,,추가기능
핵심 화면 전환 4단계 이내로 단순화,"주문 시작, 메뉴 선택, 옵션 선택, 장바구니/결제 흐름이 불필요한 중복 화면 없이 이어진다.",화면,FWD,,"키오스크 사용성 기준으로 화면 설계와 함께 검토한다. (2026-07-04 베미 확인) 여기서 '4단계'는 결제 직전(주문확인)까지만지정한 범위임: 메뉴선택→옵션선택→장바구니→주문확인(4개 화면). 결제완료까지 범위는 종합기획서/TC-002 기준(5개 화면, 결제 포함)을 따로 사용한다 — 둘은 서로 다른 구간을 재는 것이라 충돌이 아니다.",사용자가 주문 시작부터 결제 전 확인까지 과도한 화면 이동 없이 진행할 수 있도록 핵심 흐름을 단순화한다.,예정,FWD-UI-002,중,,,기본기능
CMS 실시간 원격 모니터링,"관리자가 원격으로 장치 상태를 조회하고, 장치 이벤트 로그를 확인할 수 있다. Week 5 MVP 범위에는 포함하지 않는다.",장치,RTOS,,CMS 원격 모니터링은 주문 MVP 완료 이후 RTOS/SYS 확장 기능으로 분리한다.,웹 기반 CMS를 통한 실시간 장치 모니터링 및 원격 제어.,제외,RTOS-SYS-001,하,,,추가기능
실시간 가격/영양정보 합산,옵션 변경 즉시 총 금액과 영양 요약 값이 화면에 반영된다.,기능,FWD,,Week 5 MVP(SCR-001~008)에서는 가격 합산을 우선하고 영양정보는 확장 가능 구조로 관리한다.,옵션 추가 또는 제외 시 화면의 가격과 칼로리/단백질 등 요약 정보가 갱신되어야 한다.,예정,FWD-MENU-009,중,,,옵션기능
한국어/영어 언어 전환 UI,"언어 전환 버튼 또는 선택 영역이 표시되고, 선택 상태가 화면에 반영된다.",화면,FWD,,Week 5 MVP(SCR-001~008)에서는 화면 요소만 우선 설계하고 전체 다국어 데이터는 9주 후반 확장으로 관리한다.,키오스크 상단에서 한국어와 영어 표시를 전환할 수 있는 UI를 제공한다.,예정,FWD-UI-003,하,,,추가기능
장바구니 수량 변경/삭제,수량 변경 및 삭제 시 장바구니 총액과 주문 확인 화면의 데이터가 즉시 갱신된다.,기능,FWD,,"FWD-CART-002와 중복. 추적: SC-009, SCR-005",사용자는 장바구니에서 담은 메뉴의 수량을 변경하거나 삭제할 수 있어야 한다.,제외,FWD-CART-003,상,,장바구니 수정(수량변경/삭제) (ASAK%20%ED%82%A4%EC%98%A4%EC%8A%A4%ED%81%AC%20%ED%94%84%EB%A1%9C%EC%A0%9D%ED%8A%B8/%ED%82%A4%EC%98%A4%EC%8A%A4%ED%81%AC%20%ED%92%80%EC%8A%A4%ED%83%9D%20%ED%94%84%EB%A1%9C%EC%A0%9D%ED%8A%B8/03%20%EC%82%AC%EC%9A%A9%EC%9E%90%20%EC%8B%9C%EB%82%98%EB%A6%AC%EC%98%A4/%EC%82%AC%EC%9A%A9%EC%9E%90%20%EC%8B%9C%EB%82%98%EB%A6%AC%EC%98%A4%20%EB%8D%B0%EC%9D%B4%ED%84%B0%EB%B2%A0%EC%9D%B4%EC%8A%A4/%EC%9E%A5%EB%B0%94%EA%B5%AC%EB%8B%88%20%EC%88%98%EC%A0%95(%EC%88%98%EB%9F%89%EB%B3%80%EA%B2%BD%20%EC%82%AD%EC%A0%9C)%2039151ef04f0b81ab9a44d01540d67a95.md),기본기능
피크타임 응답 지연 최소화,"핵심 API 호출 시 비정상적인 지연 없이 응답하고, 오류 발생 시 공통 오류 응답을 반환한다.",비기능,DEV,,동시성/성능 고도화는 이후 주차에서 보완한다.,"주문이 몰리는 상황에서도 메뉴 조회, 주문 생성, 결제 처리 응답이 과도하게 지연되지 않도록 구현한다.",예정,DEV-SYS-001,중,,,추가기능
관리자 주문 목록 조회,관리자 주문 목록 화면에서 주문 목록이 최신순으로 표시되고 각 주문의 주요 정보가 누락 없이 보인다.,관리자,LMIS,,API-007과 연결. 주문 상세 확인은 LMIS-ORDER-002에서 관리한다.,"관리자는 접수된 주문 목록을 조회하고 주문번호, 주문유형, 결제상태, 주문상태, 주문금액, 주문일시를 확인할 수 있어야 한다.",예정,LMIS-ORDER-001,상,"백엔드: 관리자 주문 목록/상태변경 API (API-007/008) (ASAK%20%ED%82%A4%EC%98%A4%EC%8A%A4%ED%81%AC%20%ED%94%84%EB%A1%9C%EC%A0%9D%ED%8A%B8/%ED%82%A4%EC%98%A4%EC%8A%A4%ED%81%AC%20%ED%92%80%EC%8A%A4%ED%83%9D%20%ED%94%84%EB%A1%9C%EC%A0%9D%ED%8A%B8/07%20WBS%20%EA%B0%9C%EB%B0%9C%20%EC%A7%84%ED%96%89%20%ED%98%84%ED%99%A9/WBS%20%EA%B0%9C%EB%B0%9C%20%EC%A7%84%ED%96%89%20%EB%8D%B0%EC%9D%B4%ED%84%B0%EB%B2%A0%EC%9D%B4%EC%8A%A4/%EB%B0%B1%EC%97%94%EB%93%9C%20%EA%B4%80%EB%A6%AC%EC%9E%90%20%EC%A3%BC%EB%AC%B8%20%EB%AA%A9%EB%A1%9D%20%EC%83%81%ED%83%9C%EB%B3%80%EA%B2%BD%20API%20(API-007%20008)%2039451ef04f0b81ceae70cb1a89037fa9.md), 프론트: 관리자 주문 관리/상세 화면 구현 (ASAK%20%ED%82%A4%EC%98%A4%EC%8A%A4%ED%81%AC%20%ED%94%84%EB%A1%9C%EC%A0%9D%ED%8A%B8/%ED%82%A4%EC%98%A4%EC%8A%A4%ED%81%AC%20%ED%92%80%EC%8A%A4%ED%83%9D%20%ED%94%84%EB%A1%9C%EC%A0%9D%ED%8A%B8/07%20WBS%20%EA%B0%9C%EB%B0%9C%20%EC%A7%84%ED%96%89%20%ED%98%84%ED%99%A9/WBS%20%EA%B0%9C%EB%B0%9C%20%EC%A7%84%ED%96%89%20%EB%8D%B0%EC%9D%B4%ED%84%B0%EB%B2%A0%EC%9D%B4%EC%8A%A4/%ED%94%84%EB%A1%A0%ED%8A%B8%20%EA%B4%80%EB%A6%AC%EC%9E%90%20%EC%A3%BC%EB%AC%B8%20%EA%B4%80%EB%A6%AC%20%EC%83%81%EC%84%B8%20%ED%99%94%EB%A9%B4%20%EA%B5%AC%ED%98%84%2039451ef04f0b81beb9f2ccfa15215395.md)",관리자의 주문 상태 관리 (ASAK%20%ED%82%A4%EC%98%A4%EC%8A%A4%ED%81%AC%20%ED%94%84%EB%A1%9C%EC%A0%9D%ED%8A%B8/%ED%82%A4%EC%98%A4%EC%8A%A4%ED%81%AC%20%ED%92%80%EC%8A%A4%ED%83%9D%20%ED%94%84%EB%A1%9C%EC%A0%9D%ED%8A%B8/03%20%EC%82%AC%EC%9A%A9%EC%9E%90%20%EC%8B%9C%EB%82%98%EB%A6%AC%EC%98%A4/%EC%82%AC%EC%9A%A9%EC%9E%90%20%EC%8B%9C%EB%82%98%EB%A6%AC%EC%98%A4%20%EB%8D%B0%EC%9D%B4%ED%84%B0%EB%B2%A0%EC%9D%B4%EC%8A%A4/%EA%B4%80%EB%A6%AC%EC%9E%90%EC%9D%98%20%EC%A3%BC%EB%AC%B8%20%EC%83%81%ED%83%9C%20%EA%B4%80%EB%A6%AC%2039151ef04f0b81a4b874ea63b2e87f81.md),기본기능
인기 토핑 통계/발주 예측,기간별 토핑 판매량 통계가 조회되고 발주 참고 정보가 제공된다.,관리자,LMIS,,Week 5 MVP 범위에서 제외. 주문 데이터 누적 후 9주 로드맵(7/2~9/2) 후반 확장 기능으로 관리한다.,관리자는 요일/시간대별 인기 토핑 통계와 발주 예측 데이터를 확인할 수 있다.,예정,LMIS-MENU-005,하,,,추가기능
주문서 추가/제외 재료 강조 표시,추가 항목과 제외 항목이 시각적으로 구분되어 표시된다.,관리자,LMIS,,"order_item_option, item_exclusion과 연결한다.",관리자 주문 상세에서 추가 옵션과 제외 재료를 조리자가 쉽게 구분할 수 있도록 표시한다.,예정,LMIS-ORDER-006,상,,,기본기능
옵션 설명 문구 추가,옵션 선택 화면에서 필수/선택 여부와 선택 가능 개수가 명확하게 보인다.,화면,FWD,,API-004 옵션 그룹 정보와 연결한다.,"옵션 그룹별 필수 여부, 최대 선택 수, 추가 금액 등을 사용자가 이해하기 쉽게 표시한다.",예정,FWD-MENU-004,중,,,옵션기능
주문번호 자동 생성/저장,주문 생성 성공 응답에 orderNo가 포함되고 orders 테이블에 동일한 주문번호가 저장된다.,기능,LMIS,,API-005 주문 생성과 연결한다.,주문 생성 시 사용자가 확인할 수 있는 고유 주문번호를 자동 생성하고 주문 데이터에 저장한다.,예정,LMIS-ORDER-004,상,,,기본기능
스탬프 1회 확인 후 자동 적립,결제 완료 후 중복 확인 없이 적립 결과가 저장되고 안내된다.,기능,KSD,,"Week 5 MVP 범위에서 제외. 추적: SC-006, SCR-021, LMIS-MEMBER-001",사용자가 적립 여부를 한 번만 확인하면 결제 후 스탬프가 자동 적립되도록 한다.,제외,KSD-MEMBER-001,하,,멤버십 스탬프 1회 확인 후 자동 적립 (LMIS-MEMBER-001) (ASAK%20%ED%82%A4%EC%98%A4%EC%8A%A4%ED%81%AC%20%ED%94%84%EB%A1%9C%EC%A0%9D%ED%8A%B8/%ED%82%A4%EC%98%A4%EC%8A%A4%ED%81%AC%20%ED%92%80%EC%8A%A4%ED%83%9D%20%ED%94%84%EB%A1%9C%EC%A0%9D%ED%8A%B8/03%20%EC%82%AC%EC%9A%A9%EC%9E%90%20%EC%8B%9C%EB%82%98%EB%A6%AC%EC%98%A4/%EC%82%AC%EC%9A%A9%EC%9E%90%20%EC%8B%9C%EB%82%98%EB%A6%AC%EC%98%A4%20%EB%8D%B0%EC%9D%B4%ED%84%B0%EB%B2%A0%EC%9D%B4%EC%8A%A4/%EB%A9%A4%EB%B2%84%EC%8B%AD%20%EC%8A%A4%ED%83%AC%ED%94%84%201%ED%9A%8C%20%ED%99%95%EC%9D%B8%20%ED%9B%84%20%EC%9E%90%EB%8F%99%20%EC%A0%81%EB%A6%BD%20(LMIS-MEMBER-001)%2039151ef04f0b81ebb344fed659c7976a.md),추가기능
결제 수단 노출,"결제 화면에 카드 결제 등 MVP 결제 수단이 표시되고, 결제 요청 버튼을 통해 API-006으로 연결된다.",화면,FWD,,결제 수단 설정 고도화는 이후 확장으로 관리한다.,주문 확인 후 사용자가 결제 수단을 선택하거나 확인할 수 있는 결제 화면을 제공한다.,예정,FWD-PAY-001,상,,"신규 고객의 기본 주문 흐름 (ASAK%20%ED%82%A4%EC%98%A4%EC%8A%A4%ED%81%AC%20%ED%94%84%EB%A1%9C%EC%A0%9D%ED%8A%B8/%ED%82%A4%EC%98%A4%EC%8A%A4%ED%81%AC%20%ED%92%80%EC%8A%A4%ED%83%9D%20%ED%94%84%EB%A1%9C%EC%A0%9D%ED%8A%B8/03%20%EC%82%AC%EC%9A%A9%EC%9E%90%20%EC%8B%9C%EB%82%98%EB%A6%AC%EC%98%A4/%EC%82%AC%EC%9A%A9%EC%9E%90%20%EC%8B%9C%EB%82%98%EB%A6%AC%EC%98%A4%20%EB%8D%B0%EC%9D%B4%ED%84%B0%EB%B2%A0%EC%9D%B4%EC%8A%A4/%EC%8B%A0%EA%B7%9C%20%EA%B3%A0%EA%B0%9D%EC%9D%98%20%EA%B8%B0%EB%B3%B8%20%EC%A3%BC%EB%AC%B8%20%ED%9D%90%EB%A6%84%2039151ef04f0b81a8a6bcd5370f9cb200.md), 재방문 고객의 빠른 주문(속도 중심) (ASAK%20%ED%82%A4%EC%98%A4%EC%8A%A4%ED%81%AC%20%ED%94%84%EB%A1%9C%EC%A0%9D%ED%8A%B8/%ED%82%A4%EC%98%A4%EC%8A%A4%ED%81%AC%20%ED%92%80%EC%8A%A4%ED%83%9D%20%ED%94%84%EB%A1%9C%EC%A0%9D%ED%8A%B8/03%20%EC%82%AC%EC%9A%A9%EC%9E%90%20%EC%8B%9C%EB%82%98%EB%A6%AC%EC%98%A4/%EC%82%AC%EC%9A%A9%EC%9E%90%20%EC%8B%9C%EB%82%98%EB%A6%AC%EC%98%A4%20%EB%8D%B0%EC%9D%B4%ED%84%B0%EB%B2%A0%EC%9D%B4%EC%8A%A4/%EC%9E%AC%EB%B0%A9%EB%AC%B8%20%EA%B3%A0%EA%B0%9D%EC%9D%98%20%EB%B9%A0%EB%A5%B8%20%EC%A3%BC%EB%AC%B8(%EC%86%8D%EB%8F%84%20%EC%A4%91%EC%8B%AC)%2039151ef04f0b8161aa65f28c31b0c440.md), 결제 성공 흐름(수단 노출 포함) (ASAK%20%ED%82%A4%EC%98%A4%EC%8A%A4%ED%81%AC%20%ED%94%84%EB%A1%9C%EC%A0%9D%ED%8A%B8/%ED%82%A4%EC%98%A4%EC%8A%A4%ED%81%AC%20%ED%92%80%EC%8A%A4%ED%83%9D%20%ED%94%84%EB%A1%9C%EC%A0%9D%ED%8A%B8/03%20%EC%82%AC%EC%9A%A9%EC%9E%90%20%EC%8B%9C%EB%82%98%EB%A6%AC%EC%98%A4/%EC%82%AC%EC%9A%A9%EC%9E%90%20%EC%8B%9C%EB%82%98%EB%A6%AC%EC%98%A4%20%EB%8D%B0%EC%9D%B4%ED%84%B0%EB%B2%A0%EC%9D%B4%EC%8A%A4/%EA%B2%B0%EC%A0%9C%20%EC%84%B1%EA%B3%B5%20%ED%9D%90%EB%A6%84(%EC%88%98%EB%8B%A8%20%EB%85%B8%EC%B6%9C%20%ED%8F%AC%ED%95%A8)%2039151ef04f0b81abb8d5c758031d1251.md)",기본기능
판매 항목 품절 처리,"품절 처리 시 메뉴 목록, 메뉴 상세, 옵션 선택 화면의 품절 표시와 선택 가능 여부가 같은 기준으로 반영된다.",관리자,LMIS,,API-009와 연결. 핵심 재료/베이스 재료/일반 재료/옵션 항목 품절 기준을 구분한다.,"관리자는 메뉴, 재료, 옵션항목 단위로 품절 여부를 변경할 수 있어야 한다.",예정,LMIS-MENU-001,상,,"품절 판매 항목이 포함된 상황에서의 주문 (ASAK%20%ED%82%A4%EC%98%A4%EC%8A%A4%ED%81%AC%20%ED%94%84%EB%A1%9C%EC%A0%9D%ED%8A%B8/%ED%82%A4%EC%98%A4%EC%8A%A4%ED%81%AC%20%ED%92%80%EC%8A%A4%ED%83%9D%20%ED%94%84%EB%A1%9C%EC%A0%9D%ED%8A%B8/03%20%EC%82%AC%EC%9A%A9%EC%9E%90%20%EC%8B%9C%EB%82%98%EB%A6%AC%EC%98%A4/%EC%82%AC%EC%9A%A9%EC%9E%90%20%EC%8B%9C%EB%82%98%EB%A6%AC%EC%98%A4%20%EB%8D%B0%EC%9D%B4%ED%84%B0%EB%B2%A0%EC%9D%B4%EC%8A%A4/%ED%92%88%EC%A0%88%20%ED%8C%90%EB%A7%A4%20%ED%95%AD%EB%AA%A9%EC%9D%B4%20%ED%8F%AC%ED%95%A8%EB%90%9C%20%EC%83%81%ED%99%A9%EC%97%90%EC%84%9C%EC%9D%98%20%EC%A3%BC%EB%AC%B8%2039151ef04f0b8138b9cbebbf1b185ce7.md), 관리자의 판매 항목 품절 처리 (LMIS-MENU-001) (ASAK%20%ED%82%A4%EC%98%A4%EC%8A%A4%ED%81%AC%20%ED%94%84%EB%A1%9C%EC%A0%9D%ED%8A%B8/%ED%82%A4%EC%98%A4%EC%8A%A4%ED%81%AC%20%ED%92%80%EC%8A%A4%ED%83%9D%20%ED%94%84%EB%A1%9C%EC%A0%9D%ED%8A%B8/03%20%EC%82%AC%EC%9A%A9%EC%9E%90%20%EC%8B%9C%EB%82%98%EB%A6%AC%EC%98%A4/%EC%82%AC%EC%9A%A9%EC%9E%90%20%EC%8B%9C%EB%82%98%EB%A6%AC%EC%98%A4%20%EB%8D%B0%EC%9D%B4%ED%84%B0%EB%B2%A0%EC%9D%B4%EC%8A%A4/%EA%B4%80%EB%A6%AC%EC%9E%90%EC%9D%98%20%ED%8C%90%EB%A7%A4%20%ED%95%AD%EB%AA%A9%20%ED%92%88%EC%A0%88%20%EC%B2%98%EB%A6%AC%20(LMIS-MENU-001)%2039151ef04f0b81108c44f3390d12c241.md)",옵션기능
옵션 선택(단일/다중 구분),옵션 그룹의 선택 규칙을 초과하면 주문 생성 또는 장바구니 담기가 제한된다.,기능,FWD,,"option_group, menu_option_group, option_item 구조와 연결한다.","옵션 그룹별로 단일 선택, 다중 선택, 필수 여부, 최대 선택 수를 구분해 선택할 수 있어야 한다.",예정,FWD-MENU-012,상,,,기본기능
메뉴 대표 이미지 제공,"메뉴 카드와 상세 영역에 이미지가 표시되고, 이미지가 없는 경우 대체 표시가 깨지지 않는다.",화면,FWD,,ASAK 가상 메뉴 이미지 기준으로 적용한다.,메뉴 목록과 메뉴 상세 화면에서 메뉴를 식별할 수 있는 대표 이미지를 제공한다.,예정,FWD-MENU-003,중,,신규 고객의 기본 주문 흐름 (ASAK%20%ED%82%A4%EC%98%A4%EC%8A%A4%ED%81%AC%20%ED%94%84%EB%A1%9C%EC%A0%9D%ED%8A%B8/%ED%82%A4%EC%98%A4%EC%8A%A4%ED%81%AC%20%ED%92%80%EC%8A%A4%ED%83%9D%20%ED%94%84%EB%A1%9C%EC%A0%9D%ED%8A%B8/03%20%EC%82%AC%EC%9A%A9%EC%9E%90%20%EC%8B%9C%EB%82%98%EB%A6%AC%EC%98%A4/%EC%82%AC%EC%9A%A9%EC%9E%90%20%EC%8B%9C%EB%82%98%EB%A6%AC%EC%98%A4%20%EB%8D%B0%EC%9D%B4%ED%84%B0%EB%B2%A0%EC%9D%B4%EC%8A%A4/%EC%8B%A0%EA%B7%9C%20%EA%B3%A0%EA%B0%9D%EC%9D%98%20%EA%B8%B0%EB%B3%B8%20%EC%A3%BC%EB%AC%B8%20%ED%9D%90%EB%A6%84%2039151ef04f0b81a8a6bcd5370f9cb200.md),기본기능
결제 데이터 무결성 보장,결제 실패 시 payment 상태가 실패로 기록되거나 주문이 결제 완료로 처리되지 않는다.,비기능,KSD,,"Week 5 MVP에서는 가상 결제 성공 흐름 중심으로 구현하고, 망취소는 Week 7~8 확장으로 관리한다.",결제 처리 중 실패 또는 중단 상황이 발생해도 주문과 결제 데이터가 서로 불일치하지 않도록 관리한다.,예정,KSD-PAY-001,중,,"결제 성공 흐름(수단 노출 포함) (ASAK%20%ED%82%A4%EC%98%A4%EC%8A%A4%ED%81%AC%20%ED%94%84%EB%A1%9C%EC%A0%9D%ED%8A%B8/%ED%82%A4%EC%98%A4%EC%8A%A4%ED%81%AC%20%ED%92%80%EC%8A%A4%ED%83%9D%20%ED%94%84%EB%A1%9C%EC%A0%9D%ED%8A%B8/03%20%EC%82%AC%EC%9A%A9%EC%9E%90%20%EC%8B%9C%EB%82%98%EB%A6%AC%EC%98%A4/%EC%82%AC%EC%9A%A9%EC%9E%90%20%EC%8B%9C%EB%82%98%EB%A6%AC%EC%98%A4%20%EB%8D%B0%EC%9D%B4%ED%84%B0%EB%B2%A0%EC%9D%B4%EC%8A%A4/%EA%B2%B0%EC%A0%9C%20%EC%84%B1%EA%B3%B5%20%ED%9D%90%EB%A6%84(%EC%88%98%EB%8B%A8%20%EB%85%B8%EC%B6%9C%20%ED%8F%AC%ED%95%A8)%2039151ef04f0b81abb8d5c758031d1251.md), 결제 실패 흐름 (ASAK%20%ED%82%A4%EC%98%A4%EC%8A%A4%ED%81%AC%20%ED%94%84%EB%A1%9C%EC%A0%9D%ED%8A%B8/%ED%82%A4%EC%98%A4%EC%8A%A4%ED%81%AC%20%ED%92%80%EC%8A%A4%ED%83%9D%20%ED%94%84%EB%A1%9C%EC%A0%9D%ED%8A%B8/03%20%EC%82%AC%EC%9A%A9%EC%9E%90%20%EC%8B%9C%EB%82%98%EB%A6%AC%EC%98%A4/%EC%82%AC%EC%9A%A9%EC%9E%90%20%EC%8B%9C%EB%82%98%EB%A6%AC%EC%98%A4%20%EB%8D%B0%EC%9D%B4%ED%84%B0%EB%B2%A0%EC%9D%B4%EC%8A%A4/%EA%B2%B0%EC%A0%9C%20%EC%8B%A4%ED%8C%A8%20%ED%9D%90%EB%A6%84%2039151ef04f0b8136afedfbe033869bc0.md)",추가기능
QR/바코드 스캔(쿠폰/멤버십),스캔 성공 시 쿠폰/멤버십 식별 정보가 주문 또는 적립 흐름에 반영된다.,장치,RTOS,,"제외(중복). 추적: SC-016, SCR-021, 정본 RTOS-DEVICE-006",QR/바코드 스캔을 통해 쿠폰 또는 멤버십 정보를 인식한다.,제외,RTOS-DEVICE-005,하,,QR/바코드로 쿠폰 인식 후 결제 (ASAK%20%ED%82%A4%EC%98%A4%EC%8A%A4%ED%81%AC%20%ED%94%84%EB%A1%9C%EC%A0%9D%ED%8A%B8/%ED%82%A4%EC%98%A4%EC%8A%A4%ED%81%AC%20%ED%92%80%EC%8A%A4%ED%83%9D%20%ED%94%84%EB%A1%9C%EC%A0%9D%ED%8A%B8/03%20%EC%82%AC%EC%9A%A9%EC%9E%90%20%EC%8B%9C%EB%82%98%EB%A6%AC%EC%98%A4/%EC%82%AC%EC%9A%A9%EC%9E%90%20%EC%8B%9C%EB%82%98%EB%A6%AC%EC%98%A4%20%EB%8D%B0%EC%9D%B4%ED%84%B0%EB%B2%A0%EC%9D%B4%EC%8A%A4/QR%20%EB%B0%94%EC%BD%94%EB%93%9C%EB%A1%9C%20%EC%BF%A0%ED%8F%B0%20%EC%9D%B8%EC%8B%9D%20%ED%9B%84%20%EA%B2%B0%EC%A0%9C%2039151ef04f0b81f5892ce9384de4f834.md),추가기능
알레르기/비건 태그 표시,"메뉴 상세 화면에서 알레르기 태그가 표시되고, 한 메뉴에 여러 알레르기 항목이 있을 수 있다.",화면,FWD,,"ingredient, allergen, ingredient_allergen 구조와 연결한다.",메뉴 또는 재료에 연결된 알레르기 유발 정보와 비건 여부를 태그로 표시한다.,예정,FWD-MENU-008,중,,알레르기/비건 태그 확인 후 주문 (FWD-MENU-008) (ASAK%20%ED%82%A4%EC%98%A4%EC%8A%A4%ED%81%AC%20%ED%94%84%EB%A1%9C%EC%A0%9D%ED%8A%B8/%ED%82%A4%EC%98%A4%EC%8A%A4%ED%81%AC%20%ED%92%80%EC%8A%A4%ED%83%9D%20%ED%94%84%EB%A1%9C%EC%A0%9D%ED%8A%B8/03%20%EC%82%AC%EC%9A%A9%EC%9E%90%20%EC%8B%9C%EB%82%98%EB%A6%AC%EC%98%A4/%EC%82%AC%EC%9A%A9%EC%9E%90%20%EC%8B%9C%EB%82%98%EB%A6%AC%EC%98%A4%20%EB%8D%B0%EC%9D%B4%ED%84%B0%EB%B2%A0%EC%9D%B4%EC%8A%A4/%EC%95%8C%EB%A0%88%EB%A5%B4%EA%B8%B0%20%EB%B9%84%EA%B1%B4%20%ED%83%9C%EA%B7%B8%20%ED%99%95%EC%9D%B8%20%ED%9B%84%20%EC%A3%BC%EB%AC%B8%20(FWD-MENU-008)%2039151ef04f0b814bbbbdc963ec6b8096.md),옵션기능
결제 성공/실패 처리,"결제 성공 응답은 주문 완료 화면으로 연결되고, 실패 응답은 사용자에게 재시도 또는 안내 메시지를 제공한다.",기능,FWD,,API-006과 연결한다. Week 5 MVP(SCR-001~008)는 성공 흐름 중심으로 구현한다.,"결제 성공 시 주문 완료 화면으로 이동하고, 결제 실패 시 실패 원인을 안내한다.",예정,FWD-PAY-002,상,,"신규 고객의 기본 주문 흐름 (ASAK%20%ED%82%A4%EC%98%A4%EC%8A%A4%ED%81%AC%20%ED%94%84%EB%A1%9C%EC%A0%9D%ED%8A%B8/%ED%82%A4%EC%98%A4%EC%8A%A4%ED%81%AC%20%ED%92%80%EC%8A%A4%ED%83%9D%20%ED%94%84%EB%A1%9C%EC%A0%9D%ED%8A%B8/03%20%EC%82%AC%EC%9A%A9%EC%9E%90%20%EC%8B%9C%EB%82%98%EB%A6%AC%EC%98%A4/%EC%82%AC%EC%9A%A9%EC%9E%90%20%EC%8B%9C%EB%82%98%EB%A6%AC%EC%98%A4%20%EB%8D%B0%EC%9D%B4%ED%84%B0%EB%B2%A0%EC%9D%B4%EC%8A%A4/%EC%8B%A0%EA%B7%9C%20%EA%B3%A0%EA%B0%9D%EC%9D%98%20%EA%B8%B0%EB%B3%B8%20%EC%A3%BC%EB%AC%B8%20%ED%9D%90%EB%A6%84%2039151ef04f0b81a8a6bcd5370f9cb200.md), 결제 성공 흐름(수단 노출 포함) (ASAK%20%ED%82%A4%EC%98%A4%EC%8A%A4%ED%81%AC%20%ED%94%84%EB%A1%9C%EC%A0%9D%ED%8A%B8/%ED%82%A4%EC%98%A4%EC%8A%A4%ED%81%AC%20%ED%92%80%EC%8A%A4%ED%83%9D%20%ED%94%84%EB%A1%9C%EC%A0%9D%ED%8A%B8/03%20%EC%82%AC%EC%9A%A9%EC%9E%90%20%EC%8B%9C%EB%82%98%EB%A6%AC%EC%98%A4/%EC%82%AC%EC%9A%A9%EC%9E%90%20%EC%8B%9C%EB%82%98%EB%A6%AC%EC%98%A4%20%EB%8D%B0%EC%9D%B4%ED%84%B0%EB%B2%A0%EC%9D%B4%EC%8A%A4/%EA%B2%B0%EC%A0%9C%20%EC%84%B1%EA%B3%B5%20%ED%9D%90%EB%A6%84(%EC%88%98%EB%8B%A8%20%EB%85%B8%EC%B6%9C%20%ED%8F%AC%ED%95%A8)%2039151ef04f0b81abb8d5c758031d1251.md), 결제 실패 흐름 (ASAK%20%ED%82%A4%EC%98%A4%EC%8A%A4%ED%81%AC%20%ED%94%84%EB%A1%9C%EC%A0%9D%ED%8A%B8/%ED%82%A4%EC%98%A4%EC%8A%A4%ED%81%AC%20%ED%92%80%EC%8A%A4%ED%83%9D%20%ED%94%84%EB%A1%9C%EC%A0%9D%ED%8A%B8/03%20%EC%82%AC%EC%9A%A9%EC%9E%90%20%EC%8B%9C%EB%82%98%EB%A6%AC%EC%98%A4/%EC%82%AC%EC%9A%A9%EC%9E%90%20%EC%8B%9C%EB%82%98%EB%A6%AC%EC%98%A4%20%EB%8D%B0%EC%9D%B4%ED%84%B0%EB%B2%A0%EC%9D%B4%EC%8A%A4/%EA%B2%B0%EC%A0%9C%20%EC%8B%A4%ED%8C%A8%20%ED%9D%90%EB%A6%84%2039151ef04f0b8136afedfbe033869bc0.md)",기본기능
핵심 API 응답속도 목표치 구체화,"정한 목표 시간 내 응답 여부를 테스트 기준에 포함하고, 지연 시 오류 또는 로딩 처리를 확인한다.",비기능,DEV,,성능 목표는 개발 진행 후 현실적인 수치로 조정 가능하다.,"메뉴 목록, 옵션 조회, 주문 생성, 결제 처리 등 핵심 API의 응답 목표 시간을 정한다.",예정,DEV-SYS-002,중,,,추가기능
영수증 출력 여부 선택,"결제 완료 화면에서 영수증 출력 버튼이 제공되고, 선택 시 영수증 출력 요청 흐름으로 연결된다.",장치,RTOS,,중복 제외 (2026-07-06): RTOS-DEVICE-001 정본은 '영수증 출력 처리'. SC-015·WBS-034는 정본에 연결됨.,결제 완료 후 사용자가 영수증 출력 여부를 선택할 수 있어야 한다.,제외,RTOS-DEVICE-001,중,,,추가기능
카테고리별 메뉴 조회,카테고리 탭 클릭 시 해당 메뉴 목록이 표시되고 다른 카테고리 메뉴와 섞이지 않는다.,기능,FWD,,"API-001, API-002와 연결한다.",사용자는 카테고리 탭을 선택해 해당 카테고리의 메뉴만 조회할 수 있어야 한다.,예정,FWD-MENU-006,상,,,기본기능
메뉴 등록/수정/삭제,메뉴 CRUD 처리 후 키오스크 메뉴 목록과 상세 화면의 데이터가 변경 결과와 일치한다.,관리자,LMIS,,Week 6(SCR-009~011) 이후 확장 기능으로 관리한다. API-012에 삭제(DELETE) 범위를 함께 포함한다.,"관리자는 메뉴 정보를 등록, 수정, 삭제할 수 있어야 한다.",예정,LMIS-MENU-004,중,,관리자의 신규 메뉴 등록 (LMIS-MENU-004) (ASAK%20%ED%82%A4%EC%98%A4%EC%8A%A4%ED%81%AC%20%ED%94%84%EB%A1%9C%EC%A0%9D%ED%8A%B8/%ED%82%A4%EC%98%A4%EC%8A%A4%ED%81%AC%20%ED%92%80%EC%8A%A4%ED%83%9D%20%ED%94%84%EB%A1%9C%EC%A0%9D%ED%8A%B8/03%20%EC%82%AC%EC%9A%A9%EC%9E%90%20%EC%8B%9C%EB%82%98%EB%A6%AC%EC%98%A4/%EC%82%AC%EC%9A%A9%EC%9E%90%20%EC%8B%9C%EB%82%98%EB%A6%AC%EC%98%A4%20%EB%8D%B0%EC%9D%B4%ED%84%B0%EB%B2%A0%EC%9D%B4%EC%8A%A4/%EA%B4%80%EB%A6%AC%EC%9E%90%EC%9D%98%20%EC%8B%A0%EA%B7%9C%20%EB%A9%94%EB%89%B4%20%EB%93%B1%EB%A1%9D%20(LMIS-MENU-004)%2039151ef04f0b81758d4cdaca3d3aedfc.md),추가기능
주문번호/대기시간 표시,"결제 완료 후 주문번호가 화면에 표시되고, 사용자가 자신의 주문을 식별할 수 있다.",화면,FWD,,대기시간은 Week 5 MVP(SCR-001~008)에서는 고정 안내 또는 간단 문구로 처리한다.,주문 완료 후 사용자에게 주문번호와 대기 안내 정보를 표시한다.,예정,FWD-ORDER-002,중,,,기본기능
재료 제외 옵션,"재료 제외 선택 시 장바구니, 주문 생성 요청, 관리자 주문 상세에 제외 재료가 표시된다.",기능,FWD,,item_exclusion 저장 구조와 연결한다.,사용자는 기본 메뉴에 포함된 재료 중 원하지 않는 재료를 제외할 수 있어야 한다.,예정,FWD-MENU-007,상,,재료 제외(-) 옵션으로 커스텀 주문 (ASAK%20%ED%82%A4%EC%98%A4%EC%8A%A4%ED%81%AC%20%ED%94%84%EB%A1%9C%EC%A0%9D%ED%8A%B8/%ED%82%A4%EC%98%A4%EC%8A%A4%ED%81%AC%20%ED%92%80%EC%8A%A4%ED%83%9D%20%ED%94%84%EB%A1%9C%EC%A0%9D%ED%8A%B8/03%20%EC%82%AC%EC%9A%A9%EC%9E%90%20%EC%8B%9C%EB%82%98%EB%A6%AC%EC%98%A4/%EC%82%AC%EC%9A%A9%EC%9E%90%20%EC%8B%9C%EB%82%98%EB%A6%AC%EC%98%A4%20%EB%8D%B0%EC%9D%B4%ED%84%B0%EB%B2%A0%EC%9D%B4%EC%8A%A4/%EC%9E%AC%EB%A3%8C%20%EC%A0%9C%EC%99%B8(-)%20%EC%98%B5%EC%85%98%EC%9C%BC%EB%A1%9C%20%EC%BB%A4%EC%8A%A4%ED%85%80%20%EC%A3%BC%EB%AC%B8%2039151ef04f0b81c6a8f7dcfa29cd4eb2.md),기본기능
선택 옵션 텍스트 요약 표시,"선택 옵션과 제외 재료가 메뉴별로 구분되어 표시되고, 관리자 주문 상세 데이터와 의미가 일치한다.",화면,FWD,,"order_item_option, item_exclusion 저장 구조와 연결한다.",장바구니와 주문 확인 화면에서 사용자가 선택한 옵션과 제외 재료를 텍스트로 요약 표시한다.,예정,FWD-CART-001,상,,"신규 고객의 기본 주문 흐름 (ASAK%20%ED%82%A4%EC%98%A4%EC%8A%A4%ED%81%AC%20%ED%94%84%EB%A1%9C%EC%A0%9D%ED%8A%B8/%ED%82%A4%EC%98%A4%EC%8A%A4%ED%81%AC%20%ED%92%80%EC%8A%A4%ED%83%9D%20%ED%94%84%EB%A1%9C%EC%A0%9D%ED%8A%B8/03%20%EC%82%AC%EC%9A%A9%EC%9E%90%20%EC%8B%9C%EB%82%98%EB%A6%AC%EC%98%A4/%EC%82%AC%EC%9A%A9%EC%9E%90%20%EC%8B%9C%EB%82%98%EB%A6%AC%EC%98%A4%20%EB%8D%B0%EC%9D%B4%ED%84%B0%EB%B2%A0%EC%9D%B4%EC%8A%A4/%EC%8B%A0%EA%B7%9C%20%EA%B3%A0%EA%B0%9D%EC%9D%98%20%EA%B8%B0%EB%B3%B8%20%EC%A3%BC%EB%AC%B8%20%ED%9D%90%EB%A6%84%2039151ef04f0b81a8a6bcd5370f9cb200.md), 재방문 고객의 빠른 주문(속도 중심) (ASAK%20%ED%82%A4%EC%98%A4%EC%8A%A4%ED%81%AC%20%ED%94%84%EB%A1%9C%EC%A0%9D%ED%8A%B8/%ED%82%A4%EC%98%A4%EC%8A%A4%ED%81%AC%20%ED%92%80%EC%8A%A4%ED%83%9D%20%ED%94%84%EB%A1%9C%EC%A0%9D%ED%8A%B8/03%20%EC%82%AC%EC%9A%A9%EC%9E%90%20%EC%8B%9C%EB%82%98%EB%A6%AC%EC%98%A4/%EC%82%AC%EC%9A%A9%EC%9E%90%20%EC%8B%9C%EB%82%98%EB%A6%AC%EC%98%A4%20%EB%8D%B0%EC%9D%B4%ED%84%B0%EB%B2%A0%EC%9D%B4%EC%8A%A4/%EC%9E%AC%EB%B0%A9%EB%AC%B8%20%EA%B3%A0%EA%B0%9D%EC%9D%98%20%EB%B9%A0%EB%A5%B8%20%EC%A3%BC%EB%AC%B8(%EC%86%8D%EB%8F%84%20%EC%A4%91%EC%8B%AC)%2039151ef04f0b8161aa65f28c31b0c440.md)",기본기능
일별 매출/판매량 조회,관리자 화면에서 기간별 매출 확인 가능,관리자,LMIS,,"Week 5 MVP 제외. API-015, SC-018. (상태변경 LMIS-ORDER-003과 ID 충돌 방지로 005 유지)",일별 매출 및 메뉴별 판매량을 조회할 수 있어야 한다.,예정,LMIS-ORDER-005,중,,관리자의 일별 매출 조회 (LMIS-ORDER-005) (ASAK%20%ED%82%A4%EC%98%A4%EC%8A%A4%ED%81%AC%20%ED%94%84%EB%A1%9C%EC%A0%9D%ED%8A%B8/%ED%82%A4%EC%98%A4%EC%8A%A4%ED%81%AC%20%ED%92%80%EC%8A%A4%ED%83%9D%20%ED%94%84%EB%A1%9C%EC%A0%9D%ED%8A%B8/03%20%EC%82%AC%EC%9A%A9%EC%9E%90%20%EC%8B%9C%EB%82%98%EB%A6%AC%EC%98%A4/%EC%82%AC%EC%9A%A9%EC%9E%90%20%EC%8B%9C%EB%82%98%EB%A6%AC%EC%98%A4%20%EB%8D%B0%EC%9D%B4%ED%84%B0%EB%B2%A0%EC%9D%B4%EC%8A%A4/%EA%B4%80%EB%A6%AC%EC%9E%90%EC%9D%98%20%EC%9D%BC%EB%B3%84%20%EB%A7%A4%EC%B6%9C%20%EC%A1%B0%ED%9A%8C%20(LMIS-ORDER-005)%2039151ef04f0b8197a3eef6305fe345c6.md),옵션기능
매장/포장 구분 표시,"주문 생성 요청에 orderType이 포함되고, 관리자 주문 화면에서 매장/포장 구분이 확인된다.",기능,FWD,,"API-005 주문 생성, API-007 관리자 주문 목록/상세 조회와 연결한다.","사용자가 주문 시작 시 매장 식사와 포장 중 하나를 선택하고, 선택값이 주문 정보에 반영되어야 한다.",예정,FWD-ORDER-001,상,,매장/포장 여부 선택 (ASAK%20%ED%82%A4%EC%98%A4%EC%8A%A4%ED%81%AC%20%ED%94%84%EB%A1%9C%EC%A0%9D%ED%8A%B8/%ED%82%A4%EC%98%A4%EC%8A%A4%ED%81%AC%20%ED%92%80%EC%8A%A4%ED%83%9D%20%ED%94%84%EB%A1%9C%EC%A0%9D%ED%8A%B8/03%20%EC%82%AC%EC%9A%A9%EC%9E%90%20%EC%8B%9C%EB%82%98%EB%A6%AC%EC%98%A4/%EC%82%AC%EC%9A%A9%EC%9E%90%20%EC%8B%9C%EB%82%98%EB%A6%AC%EC%98%A4%20%EB%8D%B0%EC%9D%B4%ED%84%B0%EB%B2%A0%EC%9D%B4%EC%8A%A4/%EB%A7%A4%EC%9E%A5%20%ED%8F%AC%EC%9E%A5%20%EC%97%AC%EB%B6%80%20%EC%84%A0%ED%83%9D%2039151ef04f0b81a8aba7e755a9ce72c4.md),기본기능
접근성을 고려한 UI 제공,"주요 화면의 핵심 문구와 버튼이 충분한 크기와 대비로 표시되고, 터치 영역이 좁지 않게 구성된다.",화면,FWD,,"글자 확대, 저시력자 배려, 키오스크 터치 환경을 고려한다.","키오스크 사용자가 화면을 쉽게 읽고 조작할 수 있도록 글자 크기, 버튼 크기, 대비, 간격을 고려한 UI를 제공한다.",예정,FWD-UI-001,중,,"신규 고객의 기본 주문 흐름 (ASAK%20%ED%82%A4%EC%98%A4%EC%8A%A4%ED%81%AC%20%ED%94%84%EB%A1%9C%EC%A0%9D%ED%8A%B8/%ED%82%A4%EC%98%A4%EC%8A%A4%ED%81%AC%20%ED%92%80%EC%8A%A4%ED%83%9D%20%ED%94%84%EB%A1%9C%EC%A0%9D%ED%8A%B8/03%20%EC%82%AC%EC%9A%A9%EC%9E%90%20%EC%8B%9C%EB%82%98%EB%A6%AC%EC%98%A4/%EC%82%AC%EC%9A%A9%EC%9E%90%20%EC%8B%9C%EB%82%98%EB%A6%AC%EC%98%A4%20%EB%8D%B0%EC%9D%B4%ED%84%B0%EB%B2%A0%EC%9D%B4%EC%8A%A4/%EC%8B%A0%EA%B7%9C%20%EA%B3%A0%EA%B0%9D%EC%9D%98%20%EA%B8%B0%EB%B3%B8%20%EC%A3%BC%EB%AC%B8%20%ED%9D%90%EB%A6%84%2039151ef04f0b81a8a6bcd5370f9cb200.md), 재방문 고객의 빠른 주문(속도 중심) (ASAK%20%ED%82%A4%EC%98%A4%EC%8A%A4%ED%81%AC%20%ED%94%84%EB%A1%9C%EC%A0%9D%ED%8A%B8/%ED%82%A4%EC%98%A4%EC%8A%A4%ED%81%AC%20%ED%92%80%EC%8A%A4%ED%83%9D%20%ED%94%84%EB%A1%9C%EC%A0%9D%ED%8A%B8/03%20%EC%82%AC%EC%9A%A9%EC%9E%90%20%EC%8B%9C%EB%82%98%EB%A6%AC%EC%98%A4/%EC%82%AC%EC%9A%A9%EC%9E%90%20%EC%8B%9C%EB%82%98%EB%A6%AC%EC%98%A4%20%EB%8D%B0%EC%9D%B4%ED%84%B0%EB%B2%A0%EC%9D%B4%EC%8A%A4/%EC%9E%AC%EB%B0%A9%EB%AC%B8%20%EA%B3%A0%EA%B0%9D%EC%9D%98%20%EB%B9%A0%EB%A5%B8%20%EC%A3%BC%EB%AC%B8(%EC%86%8D%EB%8F%84%20%EC%A4%91%EC%8B%AC)%2039151ef04f0b8161aa65f28c31b0c440.md)",추가기능
일정 시간 미입력 시 초기화면 자동 복귀,지정 시간 동안 입력이 없을 때 장바구니와 선택 상태가 초기화되고 시작 화면으로 이동한다.,기능,FWD,,정본 (2026-07-06): SC-012·WBS-021/028 링크 이전 완료,사용자가 일정 시간 동안 조작하지 않으면 키오스크 화면을 초기 상태로 되돌린다.,예정,FWD-SYS-001,중,"프론트: 타임아웃 정책/카운트다운 기준 확정 (ASAK%20%ED%82%A4%EC%98%A4%EC%8A%A4%ED%81%AC%20%ED%94%84%EB%A1%9C%EC%A0%9D%ED%8A%B8/%ED%82%A4%EC%98%A4%EC%8A%A4%ED%81%AC%20%ED%92%80%EC%8A%A4%ED%83%9D%20%ED%94%84%EB%A1%9C%EC%A0%9D%ED%8A%B8/07%20WBS%20%EA%B0%9C%EB%B0%9C%20%EC%A7%84%ED%96%89%20%ED%98%84%ED%99%A9/WBS%20%EA%B0%9C%EB%B0%9C%20%EC%A7%84%ED%96%89%20%EB%8D%B0%EC%9D%B4%ED%84%B0%EB%B2%A0%EC%9D%B4%EC%8A%A4/%ED%94%84%EB%A1%A0%ED%8A%B8%20%ED%83%80%EC%9E%84%EC%95%84%EC%9B%83%20%EC%A0%95%EC%B1%85%20%EC%B9%B4%EC%9A%B4%ED%8A%B8%EB%8B%A4%EC%9A%B4%20%EA%B8%B0%EC%A4%80%20%ED%99%95%EC%A0%95%2039151ef04f0b8157af4be4929ce23635.md), 프론트: 타임아웃 안내/자동 초기화 구현 (ASAK%20%ED%82%A4%EC%98%A4%EC%8A%A4%ED%81%AC%20%ED%94%84%EB%A1%9C%EC%A0%9D%ED%8A%B8/%ED%82%A4%EC%98%A4%EC%8A%A4%ED%81%AC%20%ED%92%80%EC%8A%A4%ED%83%9D%20%ED%94%84%EB%A1%9C%EC%A0%9D%ED%8A%B8/07%20WBS%20%EA%B0%9C%EB%B0%9C%20%EC%A7%84%ED%96%89%20%ED%98%84%ED%99%A9/WBS%20%EA%B0%9C%EB%B0%9C%20%EC%A7%84%ED%96%89%20%EB%8D%B0%EC%9D%B4%ED%84%B0%EB%B2%A0%EC%9D%B4%EC%8A%A4/%ED%94%84%EB%A1%A0%ED%8A%B8%20%ED%83%80%EC%9E%84%EC%95%84%EC%9B%83%20%EC%95%88%EB%82%B4%20%EC%9E%90%EB%8F%99%20%EC%B4%88%EA%B8%B0%ED%99%94%20%EA%B5%AC%ED%98%84%2039251ef04f0b8123809bdd11425f4c8d.md)",일정시간 미입력 시 자동 초기화 (FWD-SYS-001) (ASAK%20%ED%82%A4%EC%98%A4%EC%8A%A4%ED%81%AC%20%ED%94%84%EB%A1%9C%EC%A0%9D%ED%8A%B8/%ED%82%A4%EC%98%A4%EC%8A%A4%ED%81%AC%20%ED%92%80%EC%8A%A4%ED%83%9D%20%ED%94%84%EB%A1%9C%EC%A0%9D%ED%8A%B8/03%20%EC%82%AC%EC%9A%A9%EC%9E%90%20%EC%8B%9C%EB%82%98%EB%A6%AC%EC%98%A4/%EC%82%AC%EC%9A%A9%EC%9E%90%20%EC%8B%9C%EB%82%98%EB%A6%AC%EC%98%A4%20%EB%8D%B0%EC%9D%B4%ED%84%B0%EB%B2%A0%EC%9D%B4%EC%8A%A4/%EC%9D%BC%EC%A0%95%EC%8B%9C%EA%B0%84%20%EB%AF%B8%EC%9E%85%EB%A0%A5%20%EC%8B%9C%20%EC%9E%90%EB%8F%99%20%EC%B4%88%EA%B8%B0%ED%99%94%20(FWD-SYS-001)%2039151ef04f0b816dac73e50493047aac.md),추가기능
드레싱 별도포장 추가 옵션,드레싱 별도포장 선택값이 장바구니와 주문 생성 요청에 반영된다.,기능,FWD,,"API-004 옵션 조회, API-005 주문 생성과 연결한다.",사용자는 메뉴 옵션 선택 시 드레싱 별도포장 여부를 선택할 수 있어야 한다.,예정,FWD-MENU-002,중,,신규 고객의 기본 주문 흐름 (ASAK%20%ED%82%A4%EC%98%A4%EC%8A%A4%ED%81%AC%20%ED%94%84%EB%A1%9C%EC%A0%9D%ED%8A%B8/%ED%82%A4%EC%98%A4%EC%8A%A4%ED%81%AC%20%ED%92%80%EC%8A%A4%ED%83%9D%20%ED%94%84%EB%A1%9C%EC%A0%9D%ED%8A%B8/03%20%EC%82%AC%EC%9A%A9%EC%9E%90%20%EC%8B%9C%EB%82%98%EB%A6%AC%EC%98%A4/%EC%82%AC%EC%9A%A9%EC%9E%90%20%EC%8B%9C%EB%82%98%EB%A6%AC%EC%98%A4%20%EB%8D%B0%EC%9D%B4%ED%84%B0%EB%B2%A0%EC%9D%B4%EC%8A%A4/%EC%8B%A0%EA%B7%9C%20%EA%B3%A0%EA%B0%9D%EC%9D%98%20%EA%B8%B0%EB%B3%B8%20%EC%A3%BC%EB%AC%B8%20%ED%9D%90%EB%A6%84%2039151ef04f0b81a8a6bcd5370f9cb200.md),옵션기능
토핑 개별 수량 조절,각 토핑의 수량 변경값이 가격 합산과 주문 생성 요청의 optionItems.quantity에 반영된다.,기능,FWD,,API-005 order_item_option.quantity와 연결한다.,사용자는 토핑 옵션 항목별로 수량을 개별 조절할 수 있어야 한다.,예정,FWD-MENU-010,중,,,옵션기능
포장봉투 추가,포장봉투 추가 여부와 금액이 장바구니 총액에 반영된다.,기능,FWD,,"Week 5 MVP(SCR-001~008, 8/1) 범위에서는 필수 구현이 아니며 9주 로드맵(7/2~9/2) 후반 확장으로 관리한다.",포장 주문 시 장바구니 단위의 부가 항목으로 포장봉투를 추가할 수 있게 한다.,예정,FWD-CART-002,하,,,추가기능
세트 구성 관리,"세트는 사이드와 음료를 각각 선택할 수 있고, 각 선택 항목의 추가 금액 또는 할인 전 금액이 주문 화면과 API에 표시될 수 있다.",관리자,LMIS,,"Week 5 MVP 범위에서는 구현하지 않고, 9주 후반(Week 7~8) 옵션기능 확장으로 관리한다. DB는 SET_SIDE/SET_DRINK 옵션그룹과 option_item.original_price/extra_price로 확장 가능하게 둔다.","관리자는 메인 메뉴, 사이드, 음료를 묶은 세트 구성을 관리할 수 있어야 한다.",예정,LMIS-MENU-006,중,,,추가기능
추가량/단백질 정보 표시,옵션 항목에 표시된 중량과 단백질 정보가 가격/영양 요약과 충돌하지 않는다.,화면,FWD,,"Week 5 MVP에서는 가격·칼로리 중심, 단백질 상세는 Week 7~8 확장",토핑 옵션 선택 시 g 단위 추가량과 단백질 등 주요 영양 정보를 표시할 수 있어야 한다.,예정,FWD-MENU-014,중,,,옵션기능
베스트/신규 메뉴 태그 표시,메뉴별 태그가 목록 카드와 상세 화면에 일관되게 표시된다.,화면,FWD,,menu_tag 또는 tag_code 확장 구조와 연결 가능하다.,"메뉴 목록과 상세 화면에서 베스트, 신규 등 메뉴 태그를 표시할 수 있어야 한다.",예정,FWD-MENU-013,중,,,추가기능
사이드메뉴 세트 할인 적용,세트 조건 충족 시 할인 금액이 주문 금액과 결제 금액에 반영된다.,기능,DEV,,05번 DB 설계 확장 후보 테이블인 promotion과 연결 가능하다(22개 정식 테이블 외).,메인 메뉴와 사이드 메뉴를 함께 구매할 때 세트 할인 금액을 적용할 수 있어야 한다.,예정,DEV-PAY-002,중,,,추가기능
판매 항목 색상/아이콘 표시,등록된 색상 또는 아이콘 정보가 메뉴 상세와 옵션 선택 화면에 표시된다.,화면,FWD,,"option_item의 icon_url, color_hex 확장 컴럼과 연결 가능하다. 단, 재료(ingredient) 자체에는 색상/아이콘 컴럼이 없으므로, 재료 기반 표시가 필요하면 option_item 칸럼을 경유해야 한다.","재료, 옵션, 카테고리 등 판매 항목에 색상 또는 아이콘 이미지를 연결해 화면에서 식별성을 높인다.",예정,FWD-UI-004,하,,,추가기능
결제 수단 설정 관리,활성화된 결제 수단만 결제 화면에 표시되고 비활성화된 수단은 선택할 수 없다.,관리자,LMIS,,"Week 5 MVP에서는 카드 가상 결제만 사용하고, 설정 관리는 Week 6(SCR-009~011) 이후 확장으로 분리한다.",관리자는 키오스크에서 노출할 결제 수단을 설정할 수 있어야 한다.,예정,LMIS-PAY-001,중,,,추가기능
멤버십 스탬프 자동 적립,"결제 과정 중 적립 확인이 1회만 노출되고, 결제완료 화면에 적립 결과가 표시된다. 결제 전/후 중복 확인이 발생하지 않는다.",기능,LMIS,,Week 5 MVP 범위에서 제외. 9주 로드맵(7/2~9/2) 후반 멤버십 확장 시 적립 로직(백엔드/DB)을 먼저 구현하고 KSD 통합을 이어서 진행한다. 시나리오 SC-006과 연결.,"고객은 결제 진행 중 멤버십 적립 여부를 1회 확인받고, 결제 완료 시 자동으로 스탬프가 적립되어야 한다.",예정,LMIS-MEMBER-001,중,,멤버십 스탬프 1회 확인 후 자동 적립 (LMIS-MEMBER-001) (ASAK%20%ED%82%A4%EC%98%A4%EC%8A%A4%ED%81%AC%20%ED%94%84%EB%A1%9C%EC%A0%9D%ED%8A%B8/%ED%82%A4%EC%98%A4%EC%8A%A4%ED%81%AC%20%ED%92%80%EC%8A%A4%ED%83%9D%20%ED%94%84%EB%A1%9C%EC%A0%9D%ED%8A%B8/03%20%EC%82%AC%EC%9A%A9%EC%9E%90%20%EC%8B%9C%EB%82%98%EB%A6%AC%EC%98%A4/%EC%82%AC%EC%9A%A9%EC%9E%90%20%EC%8B%9C%EB%82%98%EB%A6%AC%EC%98%A4%20%EB%8D%B0%EC%9D%B4%ED%84%B0%EB%B2%A0%EC%9D%B4%EC%8A%A4/%EB%A9%A4%EB%B2%84%EC%8B%AD%20%EC%8A%A4%ED%83%AC%ED%94%84%201%ED%9A%8C%20%ED%99%95%EC%9D%B8%20%ED%9B%84%20%EC%9E%90%EB%8F%99%20%EC%A0%81%EB%A6%BD%20(LMIS-MEMBER-001)%2039151ef04f0b81ebb344fed659c7976a.md),추가기능
메뉴별 추천 드레싱 표시,메뉴마다 다른 추천 드레싱이 옵션 목록에서 추천 뱃지로 구분되어 노출된다.,화면,FWD,,"WBS-026(백엔드: 추천 드레싱 menu_option 반영, 담당 하진), API-003/004, menu_http://option.is_recommended 기준. 2026-07-04 신규 등록 — 기존엔 05번 DB설계와 WBS에만 있고 요구사항 DB엔 없던 고스트 항목이었음.",메뉴 상세/옵션 선택 화면에서 메뉴별로 다른 추천 드레싱을 menu_http://option.is_recommended 기준으로 표시한다.,예정,FWD-MENU-015,상,백엔드: 추천 드레싱 menu_option 반영 (ASAK%20%ED%82%A4%EC%98%A4%EC%8A%A4%ED%81%AC%20%ED%94%84%EB%A1%9C%EC%A0%9D%ED%8A%B8/%ED%82%A4%EC%98%A4%EC%8A%A4%ED%81%AC%20%ED%92%80%EC%8A%A4%ED%83%9D%20%ED%94%84%EB%A1%9C%EC%A0%9D%ED%8A%B8/07%20WBS%20%EA%B0%9C%EB%B0%9C%20%EC%A7%84%ED%96%89%20%ED%98%84%ED%99%A9/WBS%20%EA%B0%9C%EB%B0%9C%20%EC%A7%84%ED%96%89%20%EB%8D%B0%EC%9D%B4%ED%84%B0%EB%B2%A0%EC%9D%B4%EC%8A%A4/%EB%B0%B1%EC%97%94%EB%93%9C%20%EC%B6%94%EC%B2%9C%20%EB%93%9C%EB%A0%88%EC%8B%B1%20menu_option%20%EB%B0%98%EC%98%81%2039251ef04f0b8172a19eeecc6e6063ae.md),,기본기능
품절 상태 고객 화면 반영,관리자 품절 처리 후 키오스크 메뉴 목록·상세·옵션 화면에서 해당 항목이 SOLD OUT 표시되고 선택 불가로 반영된다.,화면,FWD,,LMIS-MENU-001(관리자 변경)과 분리. SC-003·SC-007·TC-003과 연결.,"관리자가 판매 항목 품절 상태를 변경하면 키오스크 고객 화면(메뉴 카드, 상세 재료, 옵션 항목)에 품절 뱃지·비활성 상태가 즉시 반영되어야 한다.",예정,LMIS-MENU-002,상,,"품절 판매 항목이 포함된 상황에서의 주문 (ASAK%20%ED%82%A4%EC%98%A4%EC%8A%A4%ED%81%AC%20%ED%94%84%EB%A1%9C%EC%A0%9D%ED%8A%B8/%ED%82%A4%EC%98%A4%EC%8A%A4%ED%81%AC%20%ED%92%80%EC%8A%A4%ED%83%9D%20%ED%94%84%EB%A1%9C%EC%A0%9D%ED%8A%B8/03%20%EC%82%AC%EC%9A%A9%EC%9E%90%20%EC%8B%9C%EB%82%98%EB%A6%AC%EC%98%A4/%EC%82%AC%EC%9A%A9%EC%9E%90%20%EC%8B%9C%EB%82%98%EB%A6%AC%EC%98%A4%20%EB%8D%B0%EC%9D%B4%ED%84%B0%EB%B2%A0%EC%9D%B4%EC%8A%A4/%ED%92%88%EC%A0%88%20%ED%8C%90%EB%A7%A4%20%ED%95%AD%EB%AA%A9%EC%9D%B4%20%ED%8F%AC%ED%95%A8%EB%90%9C%20%EC%83%81%ED%99%A9%EC%97%90%EC%84%9C%EC%9D%98%20%EC%A3%BC%EB%AC%B8%2039151ef04f0b8138b9cbebbf1b185ce7.md), 관리자의 판매 항목 품절 처리 (LMIS-MENU-001) (ASAK%20%ED%82%A4%EC%98%A4%EC%8A%A4%ED%81%AC%20%ED%94%84%EB%A1%9C%EC%A0%9D%ED%8A%B8/%ED%82%A4%EC%98%A4%EC%8A%A4%ED%81%AC%20%ED%92%80%EC%8A%A4%ED%83%9D%20%ED%94%84%EB%A1%9C%EC%A0%9D%ED%8A%B8/03%20%EC%82%AC%EC%9A%A9%EC%9E%90%20%EC%8B%9C%EB%82%98%EB%A6%AC%EC%98%A4/%EC%82%AC%EC%9A%A9%EC%9E%90%20%EC%8B%9C%EB%82%98%EB%A6%AC%EC%98%A4%20%EB%8D%B0%EC%9D%B4%ED%84%B0%EB%B2%A0%EC%9D%B4%EC%8A%A4/%EA%B4%80%EB%A6%AC%EC%9E%90%EC%9D%98%20%ED%8C%90%EB%A7%A4%20%ED%95%AD%EB%AA%A9%20%ED%92%88%EC%A0%88%20%EC%B2%98%EB%A6%AC%20(LMIS-MENU-001)%2039151ef04f0b81108c44f3390d12c241.md)",옵션기능
키오스크 시작 화면 및 빠른 주문 UX,"홈 화면(SCR-001)에서 주문 시작 버튼이 명확하고, 재방문 고객이 추천 조합 기본값으로 화면 전환 5회 이내에 결제까지 완료할 수 있다.",화면,FWD,,"SCR-001 홈 화면, SC-002 빠른 주문과 연결.","ASAK 키오스크 시작 화면에서 브랜드 안내와 주문 시작 CTA를 제공하고, 재방문 고객은 불필요한 단계 없이 메뉴 선택→장바구니→결제로 빠르게 이동할 수 있는 UI 흐름을 제공한다.",예정,FWD-UI-002,상,,재방문 고객의 빠른 주문(속도 중심) (ASAK%20%ED%82%A4%EC%98%A4%EC%8A%A4%ED%81%AC%20%ED%94%84%EB%A1%9C%EC%A0%9D%ED%8A%B8/%ED%82%A4%EC%98%A4%EC%8A%A4%ED%81%AC%20%ED%92%80%EC%8A%A4%ED%83%9D%20%ED%94%84%EB%A1%9C%EC%A0%9D%ED%8A%B8/03%20%EC%82%AC%EC%9A%A9%EC%9E%90%20%EC%8B%9C%EB%82%98%EB%A6%AC%EC%98%A4/%EC%82%AC%EC%9A%A9%EC%9E%90%20%EC%8B%9C%EB%82%98%EB%A6%AC%EC%98%A4%20%EB%8D%B0%EC%9D%B4%ED%84%B0%EB%B2%A0%EC%9D%B4%EC%8A%A4/%EC%9E%AC%EB%B0%A9%EB%AC%B8%20%EA%B3%A0%EA%B0%9D%EC%9D%98%20%EB%B9%A0%EB%A5%B8%20%EC%A3%BC%EB%AC%B8(%EC%86%8D%EB%8F%84%20%EC%A4%91%EC%8B%AC)%2039151ef04f0b8161aa65f28c31b0c440.md),기본기능
영수증 출력 처리,결제 완료 화면에서 영수증 출력 선택 시 모의 프린터가 동작한다.,장치,RTOS,,"SC-015, API-019",고객이 영수증 출력 여부를 선택하면 주문/결제 내역을 기반으로 영수증을 출력한다.,예정,RTOS-DEVICE-001,중,장치: 영수증 출력 모의 구현 (RTOS-DEVICE-001) (ASAK%20%ED%82%A4%EC%98%A4%EC%8A%A4%ED%81%AC%20%ED%94%84%EB%A1%9C%EC%A0%9D%ED%8A%B8/%ED%82%A4%EC%98%A4%EC%8A%A4%ED%81%AC%20%ED%92%80%EC%8A%A4%ED%83%9D%20%ED%94%84%EB%A1%9C%EC%A0%9D%ED%8A%B8/07%20WBS%20%EA%B0%9C%EB%B0%9C%20%EC%A7%84%ED%96%89%20%ED%98%84%ED%99%A9/WBS%20%EA%B0%9C%EB%B0%9C%20%EC%A7%84%ED%96%89%20%EB%8D%B0%EC%9D%B4%ED%84%B0%EB%B2%A0%EC%9D%B4%EC%8A%A4/%EC%9E%A5%EC%B9%98%20%EC%98%81%EC%88%98%EC%A6%9D%20%EC%B6%9C%EB%A0%A5%20%EB%AA%A8%EC%9D%98%20%EA%B5%AC%ED%98%84%20(RTOS-DEVICE-001)%2039451ef04f0b81f0bb08d595a005de84.md),영수증 출력 여부 선택 (ASAK%20%ED%82%A4%EC%98%A4%EC%8A%A4%ED%81%AC%20%ED%94%84%EB%A1%9C%EC%A0%9D%ED%8A%B8/%ED%82%A4%EC%98%A4%EC%8A%A4%ED%81%AC%20%ED%92%80%EC%8A%A4%ED%83%9D%20%ED%94%84%EB%A1%9C%EC%A0%9D%ED%8A%B8/03%20%EC%82%AC%EC%9A%A9%EC%9E%90%20%EC%8B%9C%EB%82%98%EB%A6%AC%EC%98%A4/%EC%82%AC%EC%9A%A9%EC%9E%90%20%EC%8B%9C%EB%82%98%EB%A6%AC%EC%98%A4%20%EB%8D%B0%EC%9D%B4%ED%84%B0%EB%B2%A0%EC%9D%B4%EC%8A%A4/%EC%98%81%EC%88%98%EC%A6%9D%20%EC%B6%9C%EB%A0%A5%20%EC%97%AC%EB%B6%80%20%EC%84%A0%ED%83%9D%2039151ef04f0b81a08f33d8258c24b8d0.md),추가기능
미입력 시 자동 초기화,일정 시간 입력 없으면 초기 화면으로 복귀하고 장바구니가 초기화된다.,비기능,FWD,,중복 제외 (2026-07-06): FWD-SYS-001 정본은 '일정 시간 미입력 시 초기화면 자동 복귀'. SC-012·WBS 링크는 정본으로 이전.,고객이 주문 중 자리를 비우면 타임아웃 후 자동으로 초기 화면으로 복귀한다.,제외,FWD-SYS-001,중,,,추가기능
알레르기/비건 태그 확인,메뉴/옵션 화면에서 알레르기·비건 태그가 표시된다.,화면,FWD,,SC-010. FWD-MENU-008과 병행.,고객이 알레르기 유발 재료·비건 여부를 태그로 확인하고 안전하게 주문할 수 있어야 한다.,예정,FWD-MENU-004,중,,알레르기/비건 태그 확인 후 주문 (FWD-MENU-008) (ASAK%20%ED%82%A4%EC%98%A4%EC%8A%A4%ED%81%AC%20%ED%94%84%EB%A1%9C%EC%A0%9D%ED%8A%B8/%ED%82%A4%EC%98%A4%EC%8A%A4%ED%81%AC%20%ED%92%80%EC%8A%A4%ED%83%9D%20%ED%94%84%EB%A1%9C%EC%A0%9D%ED%8A%B8/03%20%EC%82%AC%EC%9A%A9%EC%9E%90%20%EC%8B%9C%EB%82%98%EB%A6%AC%EC%98%A4/%EC%82%AC%EC%9A%A9%EC%9E%90%20%EC%8B%9C%EB%82%98%EB%A6%AC%EC%98%A4%20%EB%8D%B0%EC%9D%B4%ED%84%B0%EB%B2%A0%EC%9D%B4%EC%8A%A4/%EC%95%8C%EB%A0%88%EB%A5%B4%EA%B8%B0%20%EB%B9%84%EA%B1%B4%20%ED%83%9C%EA%B7%B8%20%ED%99%95%EC%9D%B8%20%ED%9B%84%20%EC%A3%BC%EB%AC%B8%20(FWD-MENU-008)%2039151ef04f0b814bbbbdc963ec6b8096.md),옵션기능
QR/바코드 스캔 인식,QR/바코드 스캔 후 유효 쿠폰이면 할인이 자동 적용된다.,장치,RTOS,,ID 재할당 (2026-07-06): RTOS-DEVICE-002는 Hub 정본(영수증 출력 요청)과 충돌. QR 스캔은 RTOS-DEVICE-006.,결제 단계에서 모바일 쿠폰/멤버십 바코드를 스캔해 할인을 적용한다.,예정,RTOS-DEVICE-006,중,,QR/바코드로 쿠폰 인식 후 결제 (ASAK%20%ED%82%A4%EC%98%A4%EC%8A%A4%ED%81%AC%20%ED%94%84%EB%A1%9C%EC%A0%9D%ED%8A%B8/%ED%82%A4%EC%98%A4%EC%8A%A4%ED%81%AC%20%ED%92%80%EC%8A%A4%ED%83%9D%20%ED%94%84%EB%A1%9C%EC%A0%9D%ED%8A%B8/03%20%EC%82%AC%EC%9A%A9%EC%9E%90%20%EC%8B%9C%EB%82%98%EB%A6%AC%EC%98%A4/%EC%82%AC%EC%9A%A9%EC%9E%90%20%EC%8B%9C%EB%82%98%EB%A6%AC%EC%98%A4%20%EB%8D%B0%EC%9D%B4%ED%84%B0%EB%B2%A0%EC%9D%B4%EC%8A%A4/QR%20%EB%B0%94%EC%BD%94%EB%93%9C%EB%A1%9C%20%EC%BF%A0%ED%8F%B0%20%EC%9D%B8%EC%8B%9D%20%ED%9B%84%20%EA%B2%B0%EC%A0%9C%2039151ef04f0b81f5892ce9384de4f834.md),추가기능
장바구니 수량 변경/삭제,"장바구니에서 수량 변경·삭제 시 총액이 즉시 재계산되며, 주문 확인 화면의 데이터가 즉시 갱신된다.",기능,FWD,,"SC-009. FWD-CART-003과 동일 기능, 텍스트 ID 정합용.",사용자는 장바구니에서 담은 메뉴 수량을 변경하거나 항목을 삭제할 수 있어야 한다.,예정,FWD-CART-002,상,,장바구니 수정(수량변경/삭제) (ASAK%20%ED%82%A4%EC%98%A4%EC%8A%A4%ED%81%AC%20%ED%94%84%EB%A1%9C%EC%A0%9D%ED%8A%B8/%ED%82%A4%EC%98%A4%EC%8A%A4%ED%81%AC%20%ED%92%80%EC%8A%A4%ED%83%9D%20%ED%94%84%EB%A1%9C%EC%A0%9D%ED%8A%B8/03%20%EC%82%AC%EC%9A%A9%EC%9E%90%20%EC%8B%9C%EB%82%98%EB%A6%AC%EC%98%A4/%EC%82%AC%EC%9A%A9%EC%9E%90%20%EC%8B%9C%EB%82%98%EB%A6%AC%EC%98%A4%20%EB%8D%B0%EC%9D%B4%ED%84%B0%EB%B2%A0%EC%9D%B4%EC%8A%A4/%EC%9E%A5%EB%B0%94%EA%B5%AC%EB%8B%88%20%EC%88%98%EC%A0%95(%EC%88%98%EB%9F%89%EB%B3%80%EA%B2%BD%20%EC%82%AD%EC%A0%9C)%2039151ef04f0b81ab9a44d01540d67a95.md),기본기능
접근성 UI 옵션,글자크기 확대·고대비 옵션 선택 시 전체 화면에 일관 적용된다.,화면,FWD,,ID 재할당 (2026-07-06): FWD-UI-001 정본(접근성 UI 제공)과 충돌. 접근성 설정 옵션은 FWD-UI-004.,저시력 고객을 위해 글자크기 확대·고대비·큰 터치 영역 등 접근성 옵션을 제공한다.,예정,FWD-UI-004,중,,접근성 옵션으로 저시력 고객 주문 (FWD-UI-001) (ASAK%20%ED%82%A4%EC%98%A4%EC%8A%A4%ED%81%AC%20%ED%94%84%EB%A1%9C%EC%A0%9D%ED%8A%B8/%ED%82%A4%EC%98%A4%EC%8A%A4%ED%81%AC%20%ED%92%80%EC%8A%A4%ED%83%9D%20%ED%94%84%EB%A1%9C%EC%A0%9D%ED%8A%B8/03%20%EC%82%AC%EC%9A%A9%EC%9E%90%20%EC%8B%9C%EB%82%98%EB%A6%AC%EC%98%A4/%EC%82%AC%EC%9A%A9%EC%9E%90%20%EC%8B%9C%EB%82%98%EB%A6%AC%EC%98%A4%20%EB%8D%B0%EC%9D%B4%ED%84%B0%EB%B2%A0%EC%9D%B4%EC%8A%A4/%EC%A0%91%EA%B7%BC%EC%84%B1%20%EC%98%B5%EC%85%98%EC%9C%BC%EB%A1%9C%20%EC%A0%80%EC%8B%9C%EB%A0%A5%20%EA%B3%A0%EA%B0%9D%20%EC%A3%BC%EB%AC%B8%20(FWD-UI-001)%2039151ef04f0b8110a97ed0e2593fe40b.md),추가기능
일별 매출/판매량 조회,선택 기간의 일별 매출·메뉴별 판매량이 관리자 화면에 표시된다.,관리자,LMIS,,"중복 아카이브. 추적: SC-018, SCR-019, 정본 LMIS-ORDER-005",관리자는 기간을 선택해 일별 매출과 메뉴별 판매량을 조회할 수 있어야 한다.,제외,ARCHIVE-LMIS-ORDER-005,중,,관리자의 일별 매출 조회 (LMIS-ORDER-005) (ASAK%20%ED%82%A4%EC%98%A4%EC%8A%A4%ED%81%AC%20%ED%94%84%EB%A1%9C%EC%A0%9D%ED%8A%B8/%ED%82%A4%EC%98%A4%EC%8A%A4%ED%81%AC%20%ED%92%80%EC%8A%A4%ED%83%9D%20%ED%94%84%EB%A1%9C%EC%A0%9D%ED%8A%B8/03%20%EC%82%AC%EC%9A%A9%EC%9E%90%20%EC%8B%9C%EB%82%98%EB%A6%AC%EC%98%A4/%EC%82%AC%EC%9A%A9%EC%9E%90%20%EC%8B%9C%EB%82%98%EB%A6%AC%EC%98%A4%20%EB%8D%B0%EC%9D%B4%ED%84%B0%EB%B2%A0%EC%9D%B4%EC%8A%A4/%EA%B4%80%EB%A6%AC%EC%9E%90%EC%9D%98%20%EC%9D%BC%EB%B3%84%20%EB%A7%A4%EC%B6%9C%20%EC%A1%B0%ED%9A%8C%20(LMIS-ORDER-005)%2039151ef04f0b8197a3eef6305fe345c6.md),추가기능
,,,,,,,,,,,,